id_ticket,fecha,metodo_pago,subtotal,descuento,iva,total
00B8DM,31/07/2025,Transferencia,4814.12,0.00,770.26,5650.43
026FPZ,01/08/2025,Transferencia,6392.05,319.60,971.59,7068.63
027GRW,18/08/2025,Transferencia,6262.95,313.15,951.97,6852.83
04IUR9,27/06/2025,Efectivo,5591.15,0.00,894.58,6448.71
05ICV4,03/06/2025,Transferencia,5455.44,0.00,872.87,6203.88
06WB1Z,20/06/2025,Transferencia,4898.81,0.00,783.81,5698.44
09PTL6,16/07/2025,Tarjeta,5607.87,0.00,897.26,6512.78
0AV6UQ,21/07/2025,Tarjeta,5626.51,0.00,900.24,6489.36
0BZHF6,19/07/2025,Efectivo,91339.37,4566.97,13883.58,100772.79
0C1I2C,17/07/2025,Tarjeta,6120.95,306.05,930.38,6741.93
0CU5QI,23/06/2025,Tarjeta,4985.04,0.00,797.61,5827.17
0EUVM2,09/08/2025,Efectivo,187446.94,9372.35,28491.93,206467.61
0FHWEB,15/07/2025,Tarjeta,5923.45,0.00,947.75,6878.16
0FLXM2,03/06/2025,Tarjeta,5877.39,0.00,940.38,6885.50
0IJIA3,01/09/2025,Tarjeta,4832.26,0.00,773.16,5591.21
0IRYP2,22/07/2025,Transferencia,5803.97,0.00,928.64,6694.37
0JCB09,15/07/2025,Transferencia,6393.08,319.65,971.75,7009.08
0JPPWW,05/07/2025,Transferencia,4950.54,0.00,792.09,5710.65
0LXQMR,05/08/2025,Transferencia,5698.21,0.00,911.71,6627.98
0OGOGJ,11/06/2025,Tarjeta,5886.61,0.00,941.86,6878.06
0OHEIR,05/06/2025,Transferencia,4764.90,0.00,762.38,5555.00
0OU1FW,29/06/2025,Tarjeta,4909.06,0.00,785.45,5638.62
0OUF97,07/06/2025,Efectivo,5814.61,0.00,930.34,6764.49
0Q09LX,05/07/2025,Efectivo,5861.15,0.00,937.78,6791.58
0Q5VYE,08/08/2025,Tarjeta,5841.98,0.00,934.72,6755.33
0SFZBF,20/06/2025,Efectivo,4956.86,0.00,793.10,5739.60
0SRX9U,02/07/2025,Transferencia,6454.27,322.71,981.05,7068.82
0TDZIW,01/08/2025,Tarjeta,,0.00,,
0UIF8H,07/08/2025,Transferencia,5063.79,0.00,810.21,5858.90
0VCNR5,08/06/2025,Efectivo,5786.10,0.00,925.78,6691.86
0Y44KS,27/06/2025,Tarjeta,58645.58,2932.28,8914.13,64556.09
0ZU0V8,21/06/2025,Efectivo,4958.44,0.00,793.35,5760.79
1020QU,11/07/2025,Tarjeta,6275.12,313.76,953.82,6963.76
10JKIK,01/08/2025,Tarjeta,6350.60,317.53,965.29,7011.78
10VTVG,08/08/2025,Tarjeta,4907.80,0.00,785.25,5643.94
136ZA5,12/07/2025,Efectivo,6266.65,313.33,952.53,6843.55
143LZM,29/06/2025,Tarjeta,6056.29,302.81,920.56,6648.56
1490LX,20/07/2025,Efectivo,4580.88,0.00,732.94,5297.27
14AS4R,22/06/2025,Efectivo,4678.05,0.00,748.49,5426.20
15GJZ6,14/07/2025,Transferencia,5887.84,0.00,942.05,6814.30
17DDXY,25/06/2025,Transferencia,6042.71,302.14,918.49,6673.00
190OXL,05/08/2025,Tarjeta,5818.07,0.00,930.89,6663.19
195GJ4,21/08/2025,Transferencia,5594.47,0.00,895.12,6433.87
19PLR8,09/06/2025,Tarjeta,80685.44,4034.27,12264.19,88931.99
1C89VU,13/06/2025,Tarjeta,6183.90,309.19,939.95,6781.08
1FPYEV,07/06/2025,Efectivo,5017.71,0.00,802.83,5849.48
1GERH6,21/08/2025,Efectivo,4605.05,0.00,736.81,5324.75
1IDBPY,19/07/2025,Transferencia,6108.24,305.41,928.45,6696.11
1KJIW3,07/08/2025,Tarjeta,157156.55,7857.83,23887.80,173141.21
1MDNWL,20/06/2025,Transferencia,5390.00,0.00,862.40,6238.76
1MH6XO,07/08/2025,Tarjeta,5556.13,0.00,888.98,6463.04
1NA55B,14/07/2025,Transferencia,5811.72,0.00,929.88,6723.31
1PPY1I,13/08/2025,Transferencia,418327.26,20916.36,63585.74,461011.15
1Q0UK2,07/08/2025,Efectivo,6233.32,311.67,947.46,6851.76
1QTBU1,27/07/2025,Efectivo,16003.71,800.19,2432.56,17581.70
1SFP7I,30/07/2025,Tarjeta,6450.57,322.53,980.49,7062.27
1SQGSF,07/06/2025,Tarjeta,38467.52,1923.38,5847.06,42435.18
1U06NS,28/07/2025,Efectivo,5744.87,0.00,919.18,6669.75
1UODHH,18/07/2025,Transferencia,4515.78,0.00,722.52,5213.78
1WPSDU,09/06/2025,Efectivo,4728.66,0.00,756.59,5505.13
1X1P69,15/07/2025,Efectivo,6091.90,304.59,925.97,6717.26
1X7XAT,15/06/2025,Efectivo,75613.65,3780.68,11493.27,83311.40
1Y5C2O,07/08/2025,Tarjeta,5647.89,0.00,903.66,6638.46
20E9XY,03/08/2025,Efectivo,5996.04,0.00,959.37,6873.48
215P2W,11/07/2025,Transferencia,6333.78,316.69,962.73,7044.99
21NU0G,08/08/2025,Efectivo,4722.01,0.00,755.52,5520.38
224IBE,11/08/2025,Transferencia,5771.27,0.00,923.40,6740.03
22M1X3,23/07/2025,Tarjeta,5258.48,0.00,841.36,6084.66
264WKF,12/07/2025,Transferencia,5213.98,0.00,834.24,6042.74
26FYNE,27/07/2025,Tarjeta,5974.59,0.00,955.93,6833.51
26L8XH,28/07/2025,Tarjeta,6425.70,321.28,976.71,6941.54
26Q3IY,09/08/2025,Transferencia,4551.73,0.00,728.28,5271.50
28QH72,06/07/2025,Transferencia,5630.54,0.00,900.89,6453.91
293QB6,28/07/2025,Efectivo,4985.54,0.00,797.69,5795.81
29ABE9,15/08/2025,Tarjeta,5048.05,0.00,807.69,5760.02
2BMANG,19/08/2025,Tarjeta,6083.66,304.18,924.72,6609.19
2C50L1,09/06/2025,Transferencia,5862.21,0.00,937.95,6850.33
2CP6YU,17/07/2025,Efectivo,4533.84,0.00,725.41,5312.88
2D8FUF,28/08/2025,Efectivo,4520.96,0.00,723.35,5260.15
2FNTG3,30/06/2025,Transferencia,6257.42,312.87,951.13,6922.87
2I0IMI,06/07/2025,Efectivo,4596.77,0.00,735.48,5342.67
2JKWUG,02/08/2025,Efectivo,5890.39,0.00,942.46,6773.52
2KKOMP,28/06/2025,Tarjeta,5541.64,0.00,886.66,6423.14
2KX9LY,11/07/2025,Transferencia,5726.59,0.00,916.25,6608.30
2LE3W6,25/07/2025,Efectivo,5421.20,0.00,867.39,6300.66
2MZIJ0,26/06/2025,Efectivo,5336.38,0.00,853.82,6261.47
2OG5OC,15/08/2025,Efectivo,6087.74,304.39,925.34,6793.30
2P5GYS,11/06/2025,Transferencia,4576.66,0.00,732.27,5334.97
2PFQ4Y,01/08/2025,Tarjeta,,0.00,,
2S88JZ,06/06/2025,Transferencia,6155.93,307.80,935.70,6762.55
2SAWT5,04/06/2025,Efectivo,4563.78,0.00,730.20,5328.80
2SYM4M,02/09/2025,Tarjeta,5053.43,0.00,808.55,5849.18
2TRSTX,11/08/2025,Transferencia,127635.20,6381.76,19400.55,140617.04
2UZE7L,27/08/2025,Efectivo,5315.97,0.00,850.56,6254.89
2W9YSG,02/08/2025,Transferencia,4603.05,0.00,736.49,5351.83
2WEFEB,17/07/2025,Efectivo,4808.11,0.00,769.30,5554.52
2XF2EJ,13/08/2025,Tarjeta,5620.79,0.00,899.33,6513.01
2Y5L5U,24/06/2025,Tarjeta,5659.81,0.00,905.57,6576.83
30DYX5,28/06/2025,Tarjeta,5845.44,0.00,935.27,6895.86
30LABD,20/08/2025,Efectivo,5442.62,0.00,870.82,6344.05
33RDZC,10/07/2025,Transferencia,5951.60,0.00,952.26,6959.39
34FCCE,01/06/2025,Transferencia,6092.66,304.63,926.08,6686.98
357C49,20/07/2025,Transferencia,5679.16,0.00,908.67,6565.33
35TCZ3,07/07/2025,Efectivo,5971.22,0.00,955.40,6879.71
36X6DK,04/07/2025,Transferencia,5716.57,0.00,914.65,6657.84
36XNL1,19/06/2025,Transferencia,4579.26,0.00,732.68,5362.96
372H5P,05/06/2025,Tarjeta,5229.37,0.00,836.70,6043.47
39EKR8,28/07/2025,Transferencia,5406.37,0.00,865.02,6294.12
39USOE,30/06/2025,Efectivo,5757.71,0.00,921.23,6717.33
3B5EG8,12/07/2025,Transferencia,4632.25,0.00,741.16,5367.11
3C0Y5H,25/06/2025,Transferencia,5866.12,0.00,938.58,6721.34
3CVX3B,26/06/2025,Efectivo,5095.50,0.00,815.28,5864.27
3HDUMW,27/08/2025,Efectivo,5644.10,0.00,903.06,6562.14
3I8VP7,29/08/2025,Transferencia,6257.59,312.88,951.15,6864.86
3L9QAN,29/08/2025,Tarjeta,6439.07,321.95,978.74,7142.93
3LTHV3,10/08/2025,Tarjeta,5857.60,0.00,937.22,6685.20
3MWVW0,13/06/2025,Transferencia,5598.36,0.00,895.74,6518.25
3N25DG,19/07/2025,Efectivo,6210.79,310.54,944.04,6880.25
3RWOFE,27/08/2025,Transferencia,5795.93,0.00,927.35,6664.65
3TRJW0,20/07/2025,Transferencia,6408.81,320.44,974.14,7091.85
3XQHEF,17/06/2025,Transferencia,4808.09,0.00,769.29,5545.18
3Y0S8V,01/06/2025,Tarjeta,4948.16,0.00,791.71,5755.49
40EFFR,06/06/2025,Tarjeta,6001.47,300.07,912.22,6633.41
41IWBE,21/08/2025,Efectivo,4724.38,0.00,755.90,5414.31
42CR7A,17/08/2025,Tarjeta,5799.71,0.00,927.95,6722.25
42FP8O,21/07/2025,Tarjeta,4648.53,0.00,743.76,5419.43
46817T,05/06/2025,Efectivo,5955.89,0.00,952.94,6915.05
469PY8,06/07/2025,Tarjeta,5825.35,0.00,932.06,6862.79
47BW1K,06/06/2025,Transferencia,5863.59,0.00,938.17,6788.49
48OILV,02/06/2025,Efectivo,6013.70,300.69,914.08,6638.11
4A0494,18/08/2025,Efectivo,5570.66,0.00,891.31,6448.73
4AUR1T,17/08/2025,Tarjeta,6050.29,302.51,919.64,6671.73
4BO048,08/08/2025,Efectivo,5163.03,0.00,826.08,6008.23
4BZNEX,09/07/2025,Efectivo,5623.56,0.00,899.77,6554.58
4CLZZU,09/08/2025,Tarjeta,6479.08,323.95,984.82,7117.37
4CVVFE,03/08/2025,Efectivo,4867.27,0.00,778.76,5714.97
4F3NES,01/07/2025,Tarjeta,6032.41,301.62,916.93,6652.33
4H3EOB,14/08/2025,Transferencia,4953.20,0.00,792.51,5703.85
4HOD8K,29/07/2025,Transferencia,5073.10,0.00,811.70,5842.93
4HZCJP,20/07/2025,Transferencia,131023.42,6551.17,19915.56,144448.86
4I0CDX,09/07/2025,Efectivo,6192.52,309.63,941.26,6815.43
4KPE8Z,06/06/2025,Tarjeta,5663.29,0.00,906.13,6586.70
4LATR9,22/06/2025,Efectivo,6211.72,310.59,944.18,6823.00
4N4VHS,13/07/2025,Tarjeta,,0.00,,
4NK97T,31/07/2025,Tarjeta,6197.37,309.87,942.00,6816.30
4P5SCS,06/08/2025,Transferencia,5607.51,0.00,897.20,6454.75
4Q10H4,13/08/2025,Efectivo,5994.53,0.00,959.12,6950.07
4RC562,26/08/2025,Efectivo,5681.96,0.00,909.11,6605.05
4RIYZ7,24/06/2025,Transferencia,5269.00,0.00,843.04,6064.16
4RPBDT,18/06/2025,Efectivo,5636.85,0.00,901.90,6594.36
4TQ26E,15/08/2025,Efectivo,6127.87,306.39,931.44,6802.71
4V2Y9Z,18/06/2025,Tarjeta,5701.93,0.00,912.31,6667.88
4V6WNI,12/08/2025,Tarjeta,28703.11,1435.16,4362.87,31755.57
4XHGIV,29/06/2025,Tarjeta,2586.60,0.00,413.86,3073.28
4Y89NQ,25/07/2025,Efectivo,6300.63,315.03,957.70,6931.82
4YIC52,25/07/2025,Tarjeta,5270.13,0.00,843.22,6163.21
50DTUT,10/08/2025,Tarjeta,6413.30,320.67,974.82,7047.48
51IS2Y,21/06/2025,Tarjeta,6404.22,320.21,973.44,7095.58
5364H1,18/07/2025,Efectivo,6410.94,320.55,974.46,7118.98
53NO08,12/06/2025,Transferencia,6425.48,321.27,976.67,7067.19
540ZYB,14/08/2025,Tarjeta,4708.98,0.00,753.44,5443.97
55JX5V,09/06/2025,Transferencia,6162.84,308.14,936.75,6843.88
55XRWL,05/06/2025,Tarjeta,6205.07,310.25,943.17,6762.86
56TJNM,10/06/2025,Transferencia,46916.37,2345.82,7131.29,51733.10
5854FI,07/08/2025,Transferencia,126214.50,6310.73,19184.60,139055.96
58OB8M,09/08/2025,Efectivo,5787.29,0.00,925.97,6675.38
59HX4K,20/07/2025,Tarjeta,6054.34,302.72,920.26,6675.22
5AD545,29/08/2025,Transferencia,4959.61,0.00,793.54,5759.31
5ARCKN,19/08/2025,Efectivo,6320.50,316.03,960.72,6994.66
5BQNIV,16/07/2025,Transferencia,6469.93,323.50,983.43,7033.69
5BXCKC,13/08/2025,Efectivo,,0.00,,
5CQ5HU,19/08/2025,Transferencia,5317.24,0.00,850.76,6207.10
5EDZRV,16/06/2025,Tarjeta,5356.97,0.00,857.12,6158.21
5FRUDZ,12/06/2025,Efectivo,5124.07,0.00,819.85,5966.40
5GYWB9,29/07/2025,Transferencia,4547.56,0.00,727.61,5313.11
5HN1W2,14/07/2025,Efectivo,4522.10,0.00,723.54,5322.72
5HROXB,10/08/2025,Transferencia,190170.75,9508.54,28905.95,209474.53
5KDXQM,28/07/2025,Transferencia,5272.56,0.00,843.61,6173.17
5LCIGJ,15/06/2025,Efectivo,6225.31,311.27,946.25,6736.79
5LJ4F9,08/08/2025,Transferencia,4967.38,0.00,794.78,5768.09
5OX8OO,25/08/2025,Tarjeta,5176.85,0.00,828.30,6076.98
5Q5JPX,24/08/2025,Tarjeta,4836.72,0.00,773.88,5625.26
5R4Y6Q,12/07/2025,Tarjeta,5729.07,0.00,916.65,6639.33
5SCMEK,14/08/2025,Tarjeta,5719.00,0.00,915.04,6647.28
5SKCOZ,08/06/2025,Transferencia,6155.60,307.78,935.65,6775.41
5U88H7,11/07/2025,Tarjeta,5560.66,0.00,889.71,6496.21
5V24HF,21/07/2025,Efectivo,6058.17,302.91,920.84,6533.24
5V7DUN,15/08/2025,Transferencia,6191.23,309.56,941.07,6817.69
5VKTGK,03/08/2025,Efectivo,5299.52,0.00,847.92,6215.45
5XUB8U,16/06/2025,Efectivo,18386.92,919.35,2794.81,20208.26
5Y7NL0,07/06/2025,Efectivo,6248.16,312.41,949.72,6822.63
5YTJ0K,02/09/2025,Efectivo,5838.01,0.00,934.08,6646.25
60JETV,16/08/2025,Tarjeta,5365.06,0.00,858.41,6223.24
62TUOD,21/06/2025,Transferencia,4542.21,0.00,726.75,5257.25
66Y2PX,31/08/2025,Efectivo,5819.67,0.00,931.15,6690.18
68SKNR,14/06/2025,Tarjeta,6361.40,318.07,966.93,7042.15
69YPRJ,23/08/2025,Transferencia,6401.85,320.09,973.08,7052.49
6EBNGJ,17/07/2025,Efectivo,5693.04,0.00,910.89,6629.24
6G30QC,14/07/2025,Efectivo,86256.70,4312.84,13111.02,95104.31
6JBFZG,06/07/2025,Tarjeta,4723.81,0.00,755.81,5595.13
6KWPSH,01/07/2025,Efectivo,5004.85,0.00,800.78,5839.13
6M1HS6,14/06/2025,Tarjeta,5249.13,0.00,839.86,6066.35
6MQ1EV,29/06/2025,Tarjeta,5424.70,0.00,867.95,6267.64
6NN26L,08/06/2025,Transferencia,4970.66,0.00,795.31,5729.39
6OLRUQ,25/06/2025,Efectivo,5155.72,0.00,824.92,6004.67
6OOCGB,17/07/2025,Efectivo,6174.44,308.72,938.51,6862.21
6PPP1Z,01/07/2025,Efectivo,5486.25,0.00,877.80,6364.76
6TWYE7,02/07/2025,Transferencia,6467.50,323.38,983.06,7163.57
6U3X2K,17/08/2025,Efectivo,5267.26,0.00,842.76,6082.47
6US7PI,06/08/2025,Tarjeta,4634.23,0.00,741.48,5389.33
6V85NV,07/06/2025,Efectivo,15556.85,777.84,2364.64,17158.09
6VIE7H,02/06/2025,Transferencia,6087.83,304.39,925.35,6583.88
6X08M2,12/06/2025,Tarjeta,6353.22,317.66,965.69,7010.88
6YVKQI,27/08/2025,Transferencia,6404.74,320.24,973.52,7075.39
70L5GC,13/06/2025,Tarjeta,6086.91,304.35,925.21,6667.09
70LPED,24/07/2025,Tarjeta,5158.98,0.00,825.44,5978.09
71DMTK,13/07/2025,Tarjeta,6199.32,309.97,942.30,6832.14
73CAPP,30/08/2025,Efectivo,6297.12,314.86,957.16,6920.88
73TGKP,05/07/2025,Efectivo,4711.05,0.00,753.77,5421.07
73TS0T,01/07/2025,Efectivo,5515.03,0.00,882.40,6333.85
74N8UU,19/06/2025,Efectivo,6427.34,321.37,976.96,7103.04
762J6V,23/06/2025,Transferencia,5786.70,0.00,925.87,6648.77
76I1G3,12/08/2025,Efectivo,4614.72,0.00,738.36,5366.77
76VDZI,27/07/2025,Tarjeta,4887.28,0.00,781.96,5650.61
76WDGX,22/08/2025,Efectivo,97527.18,4876.36,14824.13,107473.33
783PEL,19/07/2025,Efectivo,5416.12,0.00,866.58,6310.97
78QPHL,26/06/2025,Tarjeta,4607.08,0.00,737.13,5412.63
79AVCD,23/07/2025,Tarjeta,5141.42,0.00,822.63,5882.00
7AJDWM,18/07/2025,Efectivo,6254.98,312.75,950.76,6917.76
7ATTSL,11/08/2025,Tarjeta,5026.55,0.00,804.25,5913.33
7AYL2Y,31/08/2025,Tarjeta,6199.69,309.98,942.35,6745.26
7DI4FL,27/08/2025,Transferencia,5645.43,0.00,903.27,6558.50
7DXTLW,21/07/2025,Tarjeta,4564.21,0.00,730.27,5200.36
7L1XBH,14/06/2025,Transferencia,5980.79,0.00,956.93,6977.04
7LNTJE,26/08/2025,Tarjeta,5353.45,0.00,856.55,6170.25
7P2GQA,16/08/2025,Efectivo,6398.97,319.95,972.64,7085.57
7Q1QE8,10/07/2025,Efectivo,6326.95,316.35,961.70,7002.92
7RN9EK,08/08/2025,Tarjeta,5987.79,0.00,958.05,6915.24
7SG5A4,23/07/2025,Transferencia,,0.00,,
7SOV71,22/06/2025,Tarjeta,5617.32,0.00,898.77,6521.24
7SR9QH,16/06/2025,Tarjeta,6364.16,318.21,967.35,7015.40
7SZP6J,28/08/2025,Transferencia,12169.66,608.48,1849.79,13439.61
7TC4GS,25/06/2025,Efectivo,5151.24,0.00,824.20,6060.05
7TNMZG,19/06/2025,Tarjeta,148884.24,7444.21,22630.40,164183.45
7V3JE3,30/06/2025,Transferencia,6162.26,308.11,936.66,6763.12
7X8KZ5,10/07/2025,Tarjeta,5170.07,0.00,827.21,6049.37
7ZSURU,19/07/2025,Transferencia,5221.94,0.00,835.51,5990.43
80TLKF,04/08/2025,Transferencia,5709.59,0.00,913.53,6639.80
81V11M,18/07/2025,Efectivo,5411.69,0.00,865.87,6222.31
86NMT7,03/08/2025,Tarjeta,5782.23,0.00,925.16,6713.76
8A0CL4,28/07/2025,Tarjeta,5949.94,0.00,951.99,6856.41
8B0I5S,04/06/2025,Efectivo,4773.70,0.00,763.79,5481.82
8CG2MQ,07/08/2025,Efectivo,6149.87,307.49,934.78,6762.69
8CR0LD,12/06/2025,Efectivo,6338.61,316.93,963.47,7065.29
8FIQPP,07/08/2025,Efectivo,5949.82,0.00,951.97,6899.33
8ISKM2,20/06/2025,Transferencia,550912.52,27545.63,83738.70,606885.80
8JG4QS,30/08/2025,Efectivo,5191.30,0.00,830.61,6080.49
8NE5O8,02/08/2025,Transferencia,5631.21,0.00,900.99,6401.25
8NN9KV,20/06/2025,Efectivo,6131.57,306.58,932.00,6715.27
8NPPRP,25/07/2025,Transferencia,5560.52,0.00,889.68,6433.74
8QPK1P,06/08/2025,Tarjeta,55265.11,2763.26,8400.30,60950.92
8QSSWL,18/06/2025,Efectivo,5871.52,0.00,939.44,6756.51
8TR8NQ,05/08/2025,Efectivo,5154.17,0.00,824.67,5942.62
8TS52E,02/09/2025,Transferencia,4975.30,0.00,796.05,5713.84
8UBQP0,31/07/2025,Tarjeta,5805.80,0.00,928.93,6797.31
8UH3PS,05/07/2025,Efectivo,6159.69,307.98,936.27,6763.66
8UV3IN,02/06/2025,Efectivo,6354.74,317.74,965.92,7000.87
8XZ0FL,02/06/2025,Efectivo,6192.93,309.65,941.33,6821.42
8Z55IA,29/08/2025,Tarjeta,5594.33,0.00,895.09,6505.63
8Z85NV,01/08/2025,Transferencia,6273.69,313.68,953.60,6891.99
906OW3,17/07/2025,Transferencia,5945.68,0.00,951.31,6997.62
90OUS2,14/08/2025,Efectivo,4601.39,0.00,736.22,5289.29
91LLMA,20/07/2025,Efectivo,5049.31,0.00,807.89,5829.17
91WETH,26/08/2025,Transferencia,6112.69,305.63,929.13,6699.67
927QCD,13/07/2025,Tarjeta,4761.71,0.00,761.87,5551.74
92ZC76,08/06/2025,Efectivo,44790.46,2239.52,6808.15,49358.37
93DDIO,02/09/2025,Efectivo,5806.74,0.00,929.08,6682.61
94SKWB,17/06/2025,Transferencia,5144.46,0.00,823.11,6009.62
95M8UW,22/06/2025,Tarjeta,5212.11,0.00,833.94,6057.42
99KB2W,22/07/2025,Transferencia,6229.70,311.49,946.91,6818.06
99TDEI,24/07/2025,Transferencia,4544.24,0.00,727.08,5337.83
9AQPIV,16/07/2025,Tarjeta,89112.21,4455.61,13545.06,98188.38
9ATOZJ,05/08/2025,Efectivo,4752.90,0.00,760.46,5578.36
9CHQW9,22/06/2025,Tarjeta,5571.15,0.00,891.38,6523.27
9HAI9G,30/07/2025,Transferencia,5986.34,0.00,957.81,6920.00
9IMB28,05/07/2025,Tarjeta,5976.18,0.00,956.19,6872.37
9IY4XM,02/07/2025,Efectivo,4558.41,0.00,729.35,5277.85
9J3PR9,29/08/2025,Efectivo,4524.05,0.00,723.85,5195.00
9LTJ13,05/07/2025,Transferencia,6349.85,317.49,965.18,6919.79
9MRE0G,27/08/2025,Transferencia,5984.71,0.00,957.55,6941.57
9MVNMH,25/08/2025,Transferencia,5801.92,0.00,928.31,6824.59
9NS73G,09/07/2025,Efectivo,6145.45,307.27,934.11,6879.76
9PORNT,18/06/2025,Efectivo,6167.57,308.38,937.47,6826.26
9RC0E1,27/06/2025,Tarjeta,5079.77,0.00,812.76,5925.89
9T1HUZ,15/07/2025,Transferencia,6279.06,313.95,954.42,6878.24
9UAY0P,16/08/2025,Efectivo,6161.47,308.07,936.54,6771.66
9UCR9Q,08/06/2025,Efectivo,6064.38,303.22,921.79,6653.52
9VMWWM,16/07/2025,Tarjeta,5648.76,0.00,903.80,6565.13
9W8LH9,07/07/2025,Tarjeta,70933.06,3546.65,10781.83,78066.99
9YK1LK,06/08/2025,Efectivo,4818.21,0.00,770.91,5576.26
9YUL7W,20/07/2025,Tarjeta,5664.75,0.00,906.36,6422.31
A49P38,19/08/2025,Tarjeta,6307.63,315.38,958.76,6985.36
A4U4N1,02/09/2025,Transferencia,5397.49,0.00,863.60,6372.87
A5S2S9,12/08/2025,Tarjeta,6274.20,313.71,953.68,6885.06
A6GL9L,01/07/2025,Tarjeta,6107.31,305.37,928.31,6730.78
A7BOOY,13/06/2025,Tarjeta,39501.17,1975.06,6004.18,43635.39
A965QS,05/06/2025,Efectivo,5650.82,0.00,904.13,6540.88
AC7D4D,10/07/2025,Transferencia,5014.27,0.00,802.28,5834.70
AI24A9,18/07/2025,Transferencia,6242.60,312.13,948.88,6894.53
AJG9VL,03/08/2025,Tarjeta,5312.55,0.00,850.01,6163.22
AK4K8S,10/08/2025,Efectivo,5803.53,0.00,928.56,6782.37
AKWVAB,07/08/2025,Efectivo,4500.91,0.00,720.15,5195.38
ANMHG1,02/09/2025,Tarjeta,619730.60,30986.53,94199.05,682971.67
AOJ03T,05/07/2025,Tarjeta,5948.94,0.00,951.83,6924.23
AQV7MH,04/06/2025,Transferencia,14012.91,700.65,2129.96,15401.05
ARHXYQ,24/06/2025,Efectivo,6140.78,307.04,933.40,6787.51
ASI5AC,10/08/2025,Tarjeta,6309.36,315.47,959.02,6987.96
AV4HAL,09/06/2025,Tarjeta,5811.94,0.00,929.91,6747.70
AV6QGC,28/08/2025,Efectivo,26646.69,1332.33,4050.30,29417.30
AVOPX9,18/08/2025,Tarjeta,5127.65,0.00,820.42,5882.47
B2ECJB,02/09/2025,Tarjeta,5763.10,0.00,922.10,6639.20
B4Y4BA,29/08/2025,Transferencia,6464.26,323.21,982.57,7125.12
B7M1VO,28/08/2025,Efectivo,6009.90,300.50,913.50,6652.38
B9N9H3,06/06/2025,Transferencia,5523.16,0.00,883.71,6398.42
BBRX3T,09/08/2025,Transferencia,5761.00,0.00,921.76,6714.30
BDXS6V,11/08/2025,Tarjeta,5857.16,0.00,937.15,6807.00
BEPWSQ,09/08/2025,Efectivo,5629.52,0.00,900.72,6478.88
BJ8SIF,09/07/2025,Transferencia,5486.98,0.00,877.92,6355.84
BL9SHU,04/07/2025,Efectivo,104356.57,5217.83,15862.20,115300.79
BLJ4FB,05/08/2025,Efectivo,4649.23,0.00,743.88,5344.36
BM47PU,08/08/2025,Transferencia,5923.04,0.00,947.69,6865.43
BMXLNE,10/08/2025,Tarjeta,5133.45,0.00,821.35,5836.90
BNDC6U,08/08/2025,Transferencia,5379.40,0.00,860.70,6274.44
BORD26,10/06/2025,Efectivo,4808.27,0.00,769.32,5563.60
BPUM8Y,01/09/2025,Efectivo,,0.00,,
BR4NDH,19/07/2025,Efectivo,5667.63,0.00,906.82,6556.77
BSCGJY,26/07/2025,Tarjeta,4842.67,0.00,774.83,5598.30
BT8ROT,25/06/2025,Transferencia,4952.83,0.00,792.45,5784.28
BWBG6G,02/07/2025,Tarjeta,4809.88,0.00,769.58,5590.12
BX1WVI,11/08/2025,Tarjeta,6003.23,300.16,912.49,6607.45
C1GVZX,06/07/2025,Transferencia,6122.03,306.10,930.55,6722.13
C3D7ER,06/07/2025,Efectivo,,0.00,,
C46OGP,30/06/2025,Tarjeta,6197.31,309.87,941.99,6852.00
C4UQ5V,28/06/2025,Transferencia,5906.46,0.00,945.03,6858.43
C7ONH5,14/07/2025,Tarjeta,6407.75,320.39,973.98,7041.31
C7QUU1,26/07/2025,Efectivo,6261.85,313.09,951.80,6913.16
C7VL17,15/07/2025,Transferencia,4846.64,0.00,775.46,5516.06
C8EJZ4,31/08/2025,Transferencia,5208.10,0.00,833.30,6011.91
CA7N0H,22/08/2025,Efectivo,5392.36,0.00,862.78,6313.12
CCEHX5,08/07/2025,Transferencia,6198.67,309.93,942.20,6779.51
CDQZFU,26/07/2025,Transferencia,5581.03,0.00,892.96,6429.29
CG3M17,16/07/2025,Efectivo,5467.23,0.00,874.76,6285.44
CG5G57,09/07/2025,Efectivo,4584.09,0.00,733.45,5391.66
CGZZ7O,22/08/2025,Efectivo,6444.60,322.23,979.58,7104.08
CKMAR3,08/08/2025,Transferencia,4927.06,0.00,788.33,5720.96
CL87Y3,31/08/2025,Transferencia,5824.39,0.00,931.90,6784.07
CP18BE,26/07/2025,Efectivo,5641.78,0.00,902.68,6503.23
CROSGN,28/08/2025,Transferencia,5704.25,0.00,912.68,6625.14
CS5TR9,16/08/2025,Transferencia,6286.60,314.33,955.56,6951.29
CSAJH9,05/07/2025,Efectivo,6196.47,309.82,941.86,6787.35
CSBDO3,31/08/2025,Tarjeta,6333.13,316.66,962.64,7083.31
CSTI8X,23/07/2025,Tarjeta,6412.94,320.65,974.77,7085.68
CTBYL9,17/07/2025,Tarjeta,4554.31,0.00,728.69,5275.01
CUM5L6,09/06/2025,Tarjeta,5383.63,0.00,861.38,6321.28
CVK4UG,06/07/2025,Efectivo,5199.91,0.00,831.99,5970.82
CVXXS2,10/07/2025,Efectivo,5220.22,0.00,835.24,5974.76
CZXLHT,12/06/2025,Efectivo,6190.45,309.52,940.95,6876.97
D00H0Y,08/07/2025,Tarjeta,,0.00,,
D0C57X,25/08/2025,Tarjeta,5400.57,0.00,864.09,6380.58
D0H703,02/08/2025,Tarjeta,6296.95,314.85,957.14,6928.32
D2F8IT,13/07/2025,Efectivo,4926.88,0.00,788.30,5663.07
D2N8LU,26/08/2025,Efectivo,5312.94,0.00,850.07,6129.08
D33ZNA,06/07/2025,Transferencia,5699.34,0.00,911.89,6615.30
D3IU1U,21/08/2025,Transferencia,6298.71,314.94,957.40,6965.90
D4LHPM,27/06/2025,Transferencia,5972.13,0.00,955.54,6857.56
D50BJR,16/06/2025,Tarjeta,4911.33,0.00,785.81,5617.31
D576BC,29/08/2025,Efectivo,5515.94,0.00,882.55,6413.41
DB1VT4,31/08/2025,Efectivo,6340.91,317.05,963.82,7033.22
DB29ND,06/07/2025,Tarjeta,5025.82,0.00,804.13,5897.16
DC63ME,17/06/2025,Transferencia,6159.44,307.97,936.23,6714.74
DD4KFJ,19/08/2025,Transferencia,6473.35,323.67,983.95,7152.14
DD7OMT,26/06/2025,Tarjeta,6116.75,305.84,929.75,6756.43
DE8XLC,27/08/2025,Tarjeta,4930.47,0.00,788.88,5814.36
DEOWBF,27/06/2025,Efectivo,5649.45,0.00,903.91,6492.48
DFIZPA,10/07/2025,Tarjeta,178343.45,8917.17,27108.20,196493.14
DFNWBS,04/07/2025,Tarjeta,6413.21,320.66,974.81,7016.64
DI7UEV,29/07/2025,Tarjeta,5053.39,0.00,808.54,5807.19
DKDN6S,01/07/2025,Tarjeta,6247.29,312.36,949.59,6936.44
DL1BVC,15/07/2025,Tarjeta,6041.48,302.07,918.30,6634.93
DNWL9M,28/06/2025,Transferencia,6343.91,317.20,964.27,6916.47
DQZCZ9,13/08/2025,Efectivo,5302.85,0.00,848.46,6084.76
DS8DQ0,20/07/2025,Tarjeta,5955.81,0.00,952.93,7004.22
DSC0Y3,27/08/2025,Efectivo,4516.76,0.00,722.68,5223.78
DTNOO2,11/06/2025,Transferencia,5930.04,0.00,948.81,6901.74
DU3SQ5,07/07/2025,Transferencia,5941.69,0.00,950.67,6908.70
DVUCNE,29/07/2025,Transferencia,5864.90,0.00,938.38,6802.88
DYMECI,17/07/2025,Tarjeta,5430.98,0.00,868.96,6260.68
E0D374,13/08/2025,Tarjeta,6007.29,300.36,913.11,6618.83
E6D5R9,11/06/2025,Tarjeta,5633.70,0.00,901.39,6570.81
E6JHDY,07/07/2025,Efectivo,5157.63,0.00,825.22,5969.65
E75Q4J,03/06/2025,Efectivo,6204.52,310.23,943.09,6838.72
E7EN0S,13/06/2025,Tarjeta,5861.56,0.00,937.85,6769.15
E7FGGF,15/07/2025,Efectivo,4914.80,0.00,786.37,5652.97
EARERL,01/06/2025,Tarjeta,5487.52,0.00,878.00,6359.58
EAX644,23/07/2025,Efectivo,496371.26,24818.56,75448.43,546936.41
EBJ1LR,12/08/2025,Transferencia,5252.93,0.00,840.47,6061.60
EGA96S,07/08/2025,Efectivo,6065.20,303.26,921.91,6675.15
EH67GT,21/07/2025,Transferencia,4678.77,0.00,748.60,5534.46
EKSTSZ,15/06/2025,Transferencia,,0.00,,
ELOVFC,03/06/2025,Transferencia,5955.60,0.00,952.90,6892.90
EMBSP8,25/08/2025,Transferencia,5980.11,0.00,956.82,6960.78
ENBV4S,16/06/2025,Transferencia,5003.45,0.00,800.55,5781.38
ENT3SC,24/06/2025,Efectivo,5950.18,0.00,952.03,6904.87
EO23WQ,14/06/2025,Efectivo,4744.73,0.00,759.16,5500.96
EO4IGZ,14/06/2025,Transferencia,4936.95,0.00,789.91,5730.26
EOZKRE,05/08/2025,Efectivo,4972.59,0.00,795.61,5731.22
EP2FC9,21/06/2025,Tarjeta,5857.92,0.00,937.27,6886.49
EPEEVV,03/06/2025,Tarjeta,5074.99,0.00,812.00,5996.88
EPL337,10/06/2025,Tarjeta,4869.05,0.00,779.05,5675.01
EPLA4X,14/06/2025,Efectivo,6213.22,310.66,944.41,6977.59
EQ4AN3,11/06/2025,Tarjeta,6205.72,310.29,943.27,6875.81
EQBCEM,01/07/2025,Transferencia,6032.81,301.64,916.99,6649.60
ERV51T,17/07/2025,Transferencia,4677.14,0.00,748.34,5453.63
ESV3FJ,30/06/2025,Efectivo,5781.94,0.00,925.11,6662.05
EUVAS9,04/07/2025,Transferencia,5256.17,0.00,840.99,6079.92
EW7J9A,10/06/2025,Efectivo,5054.71,0.00,808.75,5842.24
EZ6S4N,19/07/2025,Efectivo,5532.69,0.00,885.23,6379.92
F04VLV,01/06/2025,Tarjeta,4555.52,0.00,728.88,5207.80
F1EAS2,16/07/2025,Efectivo,5011.23,0.00,801.80,5766.13
F211ML,24/06/2025,Tarjeta,4586.85,0.00,733.90,5345.58
F6ER1C,05/07/2025,Tarjeta,4845.60,0.00,775.30,5565.77
F78V0E,20/08/2025,Efectivo,43476.84,2173.84,6608.48,48056.07
F9411M,18/08/2025,Efectivo,46728.35,2336.42,7102.71,51689.54
FAH7GQ,26/06/2025,Tarjeta,6260.03,313.00,951.52,6858.43
FBF85D,12/07/2025,Transferencia,6054.36,302.72,920.26,6639.87
FCKSRH,22/07/2025,Tarjeta,,0.00,,
FDFCKE,03/07/2025,Transferencia,6069.00,303.45,922.49,6700.23
FDFFZW,01/07/2025,Efectivo,5303.89,0.00,848.62,6218.87
FIQXXA,12/08/2025,Efectivo,4581.30,0.00,733.01,5361.04
FIYZ3F,29/08/2025,Efectivo,5431.74,0.00,869.08,6237.70
FKRON2,17/08/2025,Tarjeta,4942.74,0.00,790.84,5709.69
FPDH1T,10/08/2025,Transferencia,6424.11,321.21,976.46,7000.71
FPSWZZ,19/07/2025,Efectivo,5024.91,0.00,803.99,5804.34
FR5LWE,03/08/2025,Tarjeta,6324.10,316.20,961.26,6933.21
FSYWX4,09/07/2025,Transferencia,5251.29,0.00,840.21,6138.43
FUXBI2,10/06/2025,Efectivo,5205.80,0.00,832.93,6075.97
FVTGUC,09/08/2025,Efectivo,5921.08,0.00,947.37,6797.47
FVZJES,13/08/2025,Tarjeta,6443.98,322.20,979.48,7130.87
FWI965,12/07/2025,Transferencia,5923.98,0.00,947.84,6821.98
FXD46R,25/07/2025,Transferencia,6447.37,322.37,980.00,7106.48
FZXG2D,18/07/2025,Transferencia,6418.65,320.93,975.63,7082.61
G20YI0,06/06/2025,Tarjeta,5730.09,0.00,916.81,6600.26
G25AOW,05/08/2025,Efectivo,4812.38,0.00,769.98,5641.57
G5LVY2,23/07/2025,Efectivo,6175.55,308.78,938.68,6787.90
G6OQFF,07/06/2025,Tarjeta,5938.44,0.00,950.15,6880.03
G8GLPX,07/08/2025,Transferencia,26559.26,1327.96,4037.01,29312.06
GB6VSB,03/06/2025,Efectivo,5629.82,0.00,900.77,6565.52
GBT9AG,11/07/2025,Transferencia,5880.78,0.00,940.92,6727.21
GCSMKA,27/07/2025,Efectivo,6411.74,320.59,974.58,7094.20
GCTUSO,19/06/2025,Tarjeta,6146.92,307.35,934.33,6761.53
GD06S2,01/07/2025,Transferencia,5077.98,0.00,812.48,5912.08
GEZCMG,08/06/2025,Efectivo,4866.80,0.00,778.69,5598.14
GF24J3,29/06/2025,Transferencia,4857.78,0.00,777.24,5677.93
GFIB3C,10/07/2025,Transferencia,5444.93,0.00,871.19,6312.71
GGEWFA,05/07/2025,Transferencia,144495.49,7224.77,21963.31,159245.62
GICI51,03/07/2025,Efectivo,5866.69,0.00,938.67,6806.27
GKR3ND,13/06/2025,Transferencia,6215.33,310.77,944.73,6792.60
GKSSHH,20/06/2025,Efectivo,21087.98,1054.40,3205.37,23264.46
GQG1PK,20/08/2025,Tarjeta,5118.09,0.00,818.89,5844.17
GRFHGL,01/07/2025,Tarjeta,5253.85,0.00,840.62,6063.85
GT5HNQ,03/07/2025,Efectivo,5503.23,0.00,880.52,6337.69
GTIL6M,14/08/2025,Transferencia,6363.68,318.18,967.28,6979.96
GVFUR3,25/07/2025,Efectivo,6094.05,304.70,926.30,6803.69
GXH7QV,27/07/2025,Tarjeta,4844.52,0.00,775.12,5698.67
H1C2IM,28/06/2025,Transferencia,5989.71,0.00,958.35,6977.42
H40BPC,21/07/2025,Transferencia,5738.35,0.00,918.14,6642.40
H414KS,19/06/2025,Tarjeta,6218.47,310.92,945.21,6888.44
H4C7H9,14/08/2025,Tarjeta,6010.57,300.53,913.61,6559.71
H7G2CW,21/06/2025,Tarjeta,5498.48,0.00,879.76,6407.81
H8I913,27/07/2025,Efectivo,4910.58,0.00,785.69,5721.16
H8S5T9,29/08/2025,Efectivo,4792.54,0.00,766.81,5526.61
HB1PGI,21/06/2025,Transferencia,5110.95,0.00,817.75,5949.62
HB8EVM,16/06/2025,Efectivo,5368.59,0.00,858.97,6245.13
HB8UAY,10/07/2025,Tarjeta,5613.95,0.00,898.23,6490.40
HCAHM9,22/07/2025,Efectivo,5488.70,0.00,878.19,6353.82
HCCS24,12/08/2025,Tarjeta,5708.08,0.00,913.29,6719.53
HF2AUQ,26/07/2025,Tarjeta,321467.67,16073.38,48863.09,354263.76
HFX9S1,11/08/2025,Tarjeta,5673.95,0.00,907.83,6571.31
HGNWD8,29/06/2025,Transferencia,34783.04,1739.15,5287.02,38364.25
HH904R,26/07/2025,Transferencia,6242.38,312.12,948.84,6804.99
HJ3JSR,22/08/2025,Tarjeta,6302.73,315.14,958.01,6850.35
HJH5I2,12/07/2025,Efectivo,4895.18,0.00,783.23,5728.94
HM4MJ6,28/06/2025,Efectivo,4780.17,0.00,764.83,5624.20
HMEORW,23/08/2025,Tarjeta,5298.10,0.00,847.70,6154.04
HQKD9X,27/07/2025,Transferencia,5375.88,0.00,860.14,6229.45
HQTH4W,28/07/2025,Transferencia,6104.39,305.22,927.87,6666.49
HRE0XE,05/07/2025,Transferencia,5543.82,0.00,887.01,6402.23
HSMFMC,31/08/2025,Transferencia,5060.96,0.00,809.75,5863.50
HT75I4,29/06/2025,Efectivo,4506.83,0.00,721.09,5203.46
HUT94M,05/07/2025,Efectivo,4793.20,0.00,766.91,5560.16
HUTLTL,23/08/2025,Transferencia,6111.19,305.56,928.90,6730.61
HWKM8G,14/06/2025,Transferencia,6435.89,321.79,978.26,7096.16
HYD8AU,29/06/2025,Tarjeta,5501.39,0.00,880.22,6348.20
HYT1CQ,01/07/2025,Transferencia,5036.85,0.00,805.90,5771.98
HZEOY2,24/08/2025,Tarjeta,6361.59,318.08,966.96,6984.31
I4QWT4,25/06/2025,Efectivo,4651.67,0.00,744.27,5374.07
I54Z88,26/07/2025,Tarjeta,5983.44,0.00,957.35,6919.10
I5PY58,12/08/2025,Transferencia,6274.89,313.74,953.78,6914.70
I6CSDS,08/08/2025,Tarjeta,4926.97,0.00,788.32,5669.52
I6XLCW,17/06/2025,Tarjeta,5970.84,0.00,955.33,6953.90
I7B0AX,11/07/2025,Transferencia,5634.04,0.00,901.45,6541.93
I7W3N3,21/08/2025,Transferencia,50052.37,2502.62,7607.96,55226.88
I830LN,22/07/2025,Tarjeta,6137.67,306.88,932.93,6708.83
I8OJ2U,19/08/2025,Tarjeta,4527.29,0.00,724.37,5192.32
I8P3XU,01/08/2025,Tarjeta,5280.65,264.03,802.66,5692.82
I8SIFH,02/09/2025,Tarjeta,192442.97,9622.15,29251.33,212056.20
I8Y37N,24/08/2025,Transferencia,5696.68,0.00,911.47,6533.95
I9TQ5B,03/06/2025,Transferencia,,0.00,,
ICXHV5,30/07/2025,Transferencia,4721.24,0.00,755.40,5473.28
IDT1CS,10/06/2025,Efectivo,5102.41,0.00,816.39,5813.63
IE0EIU,09/08/2025,Transferencia,4951.87,0.00,792.30,5762.39
IEXOM5,08/07/2025,Efectivo,5684.17,0.00,909.47,6706.04
IK3SZP,05/06/2025,Tarjeta,5105.71,0.00,816.91,5992.80
IKXIH8,03/07/2025,Efectivo,5950.17,0.00,952.03,6941.23
IMH4QE,28/07/2025,Transferencia,4939.92,0.00,790.39,5619.01
IMPYFX,18/06/2025,Transferencia,5332.40,0.00,853.18,6168.09
IOA04U,21/08/2025,Transferencia,5510.75,0.00,881.72,6384.33
IQ86XB,29/06/2025,Transferencia,5639.92,0.00,902.39,6551.14
IRLYOA,27/06/2025,Transferencia,4574.52,0.00,731.92,5338.90
IVK5CF,20/07/2025,Efectivo,5286.01,0.00,845.76,6160.45
IVUDEO,03/06/2025,Transferencia,6119.23,305.96,930.12,6783.81
IW0IM6,14/06/2025,Efectivo,6250.61,312.53,950.09,6975.35
IWWULJ,31/08/2025,Transferencia,5294.48,0.00,847.12,6021.18
IXMNMS,13/08/2025,Efectivo,6399.00,319.95,972.65,7014.55
IYPN08,05/08/2025,Transferencia,5410.31,0.00,865.65,6271.92
J08MCO,26/08/2025,Tarjeta,5335.97,0.00,853.76,6237.24
J19F0V,26/06/2025,Tarjeta,5650.03,0.00,904.00,6592.69
J1ZQLX,22/07/2025,Efectivo,5291.46,0.00,846.63,6046.15
J2P82B,03/07/2025,Efectivo,4687.69,0.00,750.03,5397.63
J4E7XH,04/08/2025,Transferencia,6039.05,301.95,917.94,6628.03
J4Y3A4,26/07/2025,Transferencia,5801.75,0.00,928.28,6729.48
J5DGQ3,01/06/2025,Tarjeta,5269.31,0.00,843.09,6044.23
J5JX76,25/07/2025,Efectivo,5279.10,0.00,844.66,6119.33
J6QM0F,27/06/2025,Tarjeta,4508.24,0.00,721.32,5178.50
J763HE,25/07/2025,Efectivo,5960.01,0.00,953.60,6979.69
J79F5T,18/07/2025,Efectivo,5878.31,0.00,940.53,6746.20
J7PSOV,07/06/2025,Tarjeta,61527.91,3076.40,9352.24,67628.31
J8R03D,02/06/2025,Transferencia,4608.14,0.00,737.30,5344.08
JBFA15,22/06/2025,Tarjeta,5299.63,0.00,847.94,6161.99
JBU5KH,13/06/2025,Transferencia,5041.33,0.00,806.61,5840.77
JDM89T,20/08/2025,Transferencia,102291.24,5114.56,15548.27,112777.22
JDXD5H,20/07/2025,Efectivo,4991.70,0.00,798.67,5630.24
JHKCA6,09/08/2025,Efectivo,6118.09,305.90,929.95,6693.26
JIK5R9,05/07/2025,Tarjeta,4563.86,0.00,730.22,5222.23
JJQUBJ,04/07/2025,Efectivo,5575.85,0.00,892.14,6555.37
JK7HT2,19/08/2025,Efectivo,5207.03,0.00,833.12,6075.84
JL8JX9,18/06/2025,Transferencia,6203.34,310.17,942.91,6813.87
JOBC0V,20/06/2025,Transferencia,66231.69,3311.58,10067.22,72816.77
JOH9H7,23/06/2025,Tarjeta,5480.72,0.00,876.92,6365.71
JP83IF,20/07/2025,Transferencia,4783.33,0.00,765.33,5503.63
JPTWC1,21/08/2025,Transferencia,4864.27,0.00,778.28,5617.33
JSOR7E,29/06/2025,Transferencia,4598.20,0.00,735.71,5280.18
JTNNGU,27/06/2025,Tarjeta,5397.11,0.00,863.54,6261.12
JVVPI7,03/08/2025,Transferencia,5682.19,0.00,909.15,6450.70
JXE8VG,10/07/2025,Efectivo,5271.94,0.00,843.51,6118.37
K6JDT2,17/06/2025,Tarjeta,6329.24,316.46,962.04,6947.25
K6UOBM,27/07/2025,Efectivo,5132.51,0.00,821.20,5995.34
K82X7L,16/06/2025,Transferencia,6361.62,318.08,966.97,7009.18
KA3X6X,27/07/2025,Efectivo,6360.87,318.04,966.85,7054.40
KA6O36,11/08/2025,Transferencia,4734.81,0.00,757.57,5517.39
KB4LXD,27/08/2025,Transferencia,4970.46,0.00,795.27,5787.02
KC01YU,05/07/2025,Transferencia,4672.62,0.00,747.62,5478.21
KDR9XC,02/09/2025,Transferencia,4886.65,0.00,781.86,5696.89
KE5SZR,05/06/2025,Tarjeta,5593.50,0.00,894.96,6568.08
KEACGS,23/07/2025,Efectivo,5367.67,0.00,858.83,6234.69
KJ6TWM,25/08/2025,Tarjeta,5068.34,0.00,810.93,5950.24
KJHPVV,10/06/2025,Tarjeta,8034.46,401.72,1221.24,8707.20
KLLQIS,01/06/2025,Transferencia,6092.10,304.60,926.00,6664.31
KMSVNC,18/06/2025,Efectivo,5108.73,0.00,817.40,5901.08
KS85QH,02/06/2025,Efectivo,4863.47,0.00,778.16,5669.03
KSJ9YO,11/07/2025,Transferencia,5880.91,0.00,940.95,6786.21
KTT0ZI,10/06/2025,Tarjeta,5192.15,0.00,830.74,6040.02
KVJUQT,05/07/2025,Tarjeta,6023.59,301.18,915.59,6670.11
L08Z0B,28/07/2025,Transferencia,6489.35,324.47,986.38,7083.89
L0PFGP,29/06/2025,Transferencia,5094.20,0.00,815.07,5947.57
L4F1MM,21/08/2025,Transferencia,5478.42,0.00,876.55,6357.85
LCC5CD,24/08/2025,Tarjeta,6049.32,302.47,919.50,6667.37
LCE0VX,22/08/2025,Transferencia,4594.76,0.00,735.16,5262.88
LE5PPY,09/07/2025,Tarjeta,6131.44,306.57,931.98,6759.54
LEUUST,04/06/2025,Transferencia,5359.03,0.00,857.44,6144.33
LG3828,25/08/2025,Tarjeta,6098.74,304.94,927.01,6758.91
LG8SRD,20/08/2025,Tarjeta,6428.06,321.40,977.07,7026.03
LJ3P5S,14/08/2025,Tarjeta,4916.52,0.00,786.64,5684.65
LOIQ4N,10/06/2025,Tarjeta,4666.78,0.00,746.68,5420.15
LQ5UHB,30/06/2025,Tarjeta,6168.12,308.41,937.55,6755.03
LS8OCP,10/08/2025,Transferencia,6257.79,312.89,951.18,6888.50
LU97C8,19/08/2025,Tarjeta,4999.56,0.00,799.93,5843.50
LUI3XU,15/08/2025,Transferencia,5986.61,0.00,957.86,6913.57
LXH5PO,07/07/2025,Tarjeta,52899.10,2644.96,8040.66,58432.27
LXZ6Y0,17/06/2025,Tarjeta,5949.33,0.00,951.89,6873.11
LYGA0L,17/07/2025,Efectivo,6382.12,319.11,970.08,7058.75
M0N9CS,04/08/2025,Transferencia,166289.84,8314.49,25276.06,183301.21
M2FUO7,20/06/2025,Efectivo,5800.31,0.00,928.05,6807.30
M4KCSQ,27/06/2025,Tarjeta,4852.12,0.00,776.34,5571.86
M4NL8Q,24/08/2025,Efectivo,5596.60,0.00,895.46,6473.73
M4YVM5,25/08/2025,Efectivo,5965.78,0.00,954.52,6851.92
M582O3,24/06/2025,Transferencia,6072.51,303.63,923.02,6754.76
M9J3D1,15/08/2025,Transferencia,5314.09,0.00,850.25,6188.61
MA9Q7M,17/07/2025,Transferencia,5036.47,0.00,805.84,5829.71
MB3ZXI,04/07/2025,Efectivo,5359.66,0.00,857.55,6263.23
MFL86H,04/06/2025,Tarjeta,6274.31,313.72,953.70,6989.54
MFVBG8,15/06/2025,Tarjeta,5261.12,0.00,841.78,6115.96
MKS2Y5,12/08/2025,Tarjeta,6002.39,300.12,912.36,6700.06
MM7OWJ,26/08/2025,Transferencia,5131.20,0.00,820.99,5964.64
MOLN3S,04/08/2025,Tarjeta,4762.52,0.00,762.00,5491.60
MOX2JV,13/06/2025,Efectivo,,0.00,,
MQUUKE,02/07/2025,Efectivo,6141.67,307.08,933.53,6705.39
MTA75X,28/08/2025,Tarjeta,4588.89,0.00,734.22,5334.07
MTLBZ0,23/06/2025,Efectivo,6123.60,306.18,930.79,6730.65
MTZS7P,17/07/2025,Efectivo,6312.08,315.60,959.44,6997.24
MUZKVX,09/06/2025,Transferencia,5079.76,0.00,812.76,5929.37
MVNSE5,11/06/2025,Tarjeta,6239.11,311.96,948.34,6850.31
MVSOXL,29/08/2025,Transferencia,5350.76,0.00,856.12,6220.18
MWCWWO,31/07/2025,Tarjeta,6086.25,304.31,925.11,6660.21
MZ3Y2S,18/08/2025,Efectivo,6445.05,322.25,979.65,7066.49
MZ9DZD,29/08/2025,Tarjeta,4887.11,0.00,781.94,5714.26
N037RF,15/08/2025,Efectivo,5682.71,0.00,909.23,6576.26
N22CT5,13/08/2025,Transferencia,6170.62,308.53,937.93,6792.50
N3626M,27/08/2025,Tarjeta,6212.60,310.63,944.32,6890.63
N3Y76G,25/08/2025,Efectivo,6295.19,314.76,956.87,6926.71
N6US79,06/08/2025,Transferencia,6222.91,311.15,945.88,6905.23
N7HHGN,23/07/2025,Tarjeta,5126.25,0.00,820.20,5872.01
N7UCLM,08/08/2025,Efectivo,583002.27,29150.11,88616.35,642552.47
N9J9TA,15/06/2025,Tarjeta,6388.53,319.43,971.06,7076.99
N9S3O7,13/08/2025,Efectivo,5407.27,0.00,865.16,6365.94
NANU9Q,26/07/2025,Transferencia,6221.62,311.08,945.69,6798.38
NCROZ5,10/06/2025,Tarjeta,5373.30,0.00,859.73,6255.32
NDN5VD,01/09/2025,Tarjeta,6133.19,306.66,932.24,6738.31
NFPOXA,30/07/2025,Transferencia,5098.83,0.00,815.81,5956.00
NFYUXF,30/06/2025,Transferencia,4509.82,0.00,721.57,5236.21
NGTNVU,05/06/2025,Transferencia,5407.58,0.00,865.21,6234.68
NHJMC3,29/06/2025,Efectivo,5081.91,0.00,813.11,5803.31
NHKW8P,31/08/2025,Tarjeta,5009.96,0.00,801.59,5773.01
NK4DDR,19/08/2025,Tarjeta,5405.36,0.00,864.86,6321.03
NK71EJ,18/07/2025,Tarjeta,5877.72,0.00,940.44,6785.91
NNR4IH,03/08/2025,Transferencia,5165.09,0.00,826.41,6002.25
NPX2OJ,20/07/2025,Efectivo,4764.54,0.00,762.33,5553.18
NSR63W,20/07/2025,Efectivo,5483.05,0.00,877.29,6442.00
NSR8JJ,05/08/2025,Transferencia,5412.17,0.00,865.95,6225.66
NVKFLX,30/07/2025,Efectivo,5799.46,0.00,927.91,6771.86
NVSJK5,21/06/2025,Efectivo,48681.21,2434.06,7399.54,53746.24
NVXON8,21/06/2025,Transferencia,5241.30,0.00,838.61,6095.63
NW3QQ2,23/08/2025,Transferencia,5600.35,0.00,896.06,6496.67
NWE737,14/07/2025,Tarjeta,6011.71,300.59,913.78,6529.07
NXDFIZ,23/07/2025,Tarjeta,4625.08,0.00,740.01,5355.52
NXHV3X,27/07/2025,Transferencia,4679.77,0.00,748.76,5498.36
NYD4MS,23/06/2025,Tarjeta,4500.22,0.00,720.04,5150.27
NZAZP8,07/07/2025,Tarjeta,6324.79,316.24,961.37,6937.94
NZSR8Y,23/08/2025,Transferencia,5294.01,0.00,847.04,6043.60
O3OSF5,14/08/2025,Efectivo,4626.45,0.00,740.23,5432.74
O5NL8X,20/07/2025,Transferencia,125013.36,6250.67,19002.03,137865.62
O6WQ52,08/08/2025,Tarjeta,4757.44,0.00,761.19,5501.67
O8RFH0,24/07/2025,Efectivo,4564.10,0.00,730.26,5292.42
O9NIKS,03/07/2025,Efectivo,4705.55,0.00,752.89,5412.43
OA1N8S,08/07/2025,Transferencia,5548.97,0.00,887.84,6426.79
OAL68A,17/06/2025,Transferencia,4971.34,0.00,795.41,5837.48
OALJXR,22/08/2025,Transferencia,6215.91,310.80,944.82,6947.01
OCVZW1,16/08/2025,Tarjeta,6599.46,329.97,1003.12,7240.06
ODAP9P,15/08/2025,Transferencia,5996.57,0.00,959.45,6904.52
OE0UI9,13/07/2025,Tarjeta,6380.93,319.05,969.90,6992.31
OFT6D8,14/07/2025,Efectivo,5829.45,0.00,932.71,6756.97
OHK5OK,21/06/2025,Transferencia,227484.71,11374.24,34577.68,250675.68
OIXACJ,15/08/2025,Transferencia,6161.96,308.10,936.62,6785.90
OJGHKB,13/07/2025,Transferencia,5927.56,0.00,948.41,6942.25
OKB8FJ,03/07/2025,Tarjeta,370961.43,18548.07,56386.14,408828.65
OKF730,05/07/2025,Transferencia,5829.20,0.00,932.67,6807.42
OLQQ2P,04/07/2025,Efectivo,4752.67,0.00,760.43,5563.04
OQ00UG,28/06/2025,Transferencia,4891.73,0.00,782.68,5654.96
OSCJJD,02/08/2025,Transferencia,4884.42,0.00,781.51,5726.48
OUX3J8,09/08/2025,Efectivo,5096.82,0.00,815.49,5880.55
OV8SZJ,17/08/2025,Tarjeta,209957.03,10497.85,31913.47,231416.89
OWGEAO,23/08/2025,Transferencia,5048.27,0.00,807.72,5843.01
OWMSHF,20/07/2025,Tarjeta,6189.50,309.48,940.80,6883.98
OXE3PR,05/07/2025,Transferencia,6362.70,318.13,967.13,7097.74
OXPFVZ,22/08/2025,Transferencia,6053.77,302.69,920.17,6649.25
OYFR2H,21/06/2025,Transferencia,5237.05,0.00,837.93,6064.42
OZYA1W,20/07/2025,Tarjeta,4952.56,0.00,792.41,5672.44
P1RGVJ,25/07/2025,Tarjeta,6433.51,321.68,977.89,7080.91
P2S6CX,10/07/2025,Transferencia,6446.11,322.31,979.81,7078.20
P4YVP3,08/08/2025,Efectivo,5703.51,0.00,912.56,6703.34
P5YM3X,04/07/2025,Tarjeta,4724.83,0.00,755.97,5407.73
P6VNZX,28/08/2025,Transferencia,6158.44,307.92,936.08,6763.64
PAYP11,21/08/2025,Efectivo,6196.24,309.81,941.83,6838.18
PBQ69X,22/06/2025,Tarjeta,6035.20,301.76,917.35,6584.95
PD4407,03/06/2025,Efectivo,6483.11,324.16,985.43,7103.89
PDIXBI,01/09/2025,Transferencia,4726.40,0.00,756.22,5489.62
PEFNY4,03/08/2025,Efectivo,5190.19,0.00,830.43,6111.32
PGLWXR,06/08/2025,Efectivo,6160.28,308.01,936.36,6752.15
PHNGM6,22/08/2025,Efectivo,5436.29,0.00,869.81,6306.30
PHYEI8,22/08/2025,Transferencia,6418.77,320.94,975.65,7097.79
PII1Q9,05/06/2025,Transferencia,378736.83,18936.84,57568.00,417351.42
PKG0Y6,04/08/2025,Efectivo,4707.83,0.00,753.25,5491.06
PKX6I4,24/07/2025,Efectivo,5090.65,0.00,814.50,5875.13
PLP1V6,25/06/2025,Transferencia,5546.01,0.00,887.36,6402.79
PMAG47,09/06/2025,Efectivo,6316.84,315.84,960.16,6974.36
PP4SH5,02/09/2025,Tarjeta,6174.95,308.75,938.59,6800.01
PP70PI,23/06/2025,Tarjeta,68732.28,3436.61,10447.31,75674.57
PQ9YDW,27/06/2025,Transferencia,4748.23,0.00,759.72,5514.86
PRXW7I,06/06/2025,Tarjeta,4519.78,0.00,723.16,5206.95
PTB2MV,26/06/2025,Efectivo,5274.22,0.00,843.88,6090.46
PTUFFK,07/07/2025,Tarjeta,4694.58,0.00,751.13,5345.15
PU0DM5,22/06/2025,Efectivo,,0.00,,
PV0VMH,11/07/2025,Tarjeta,5626.64,0.00,900.26,6465.40
PZMH08,19/07/2025,Efectivo,6084.38,304.22,924.83,6733.56
PZNQLU,08/07/2025,Transferencia,17715.20,885.76,2692.71,19743.23
PZYD3X,18/07/2025,Transferencia,5585.81,0.00,893.73,6520.76
Q0OZ0Q,20/06/2025,Tarjeta,5517.42,0.00,882.79,6391.39
Q14CZF,02/06/2025,Transferencia,6004.09,300.20,912.62,6589.80
Q3UNRN,26/07/2025,Transferencia,6477.66,323.88,984.60,7013.71
Q85BEZ,30/08/2025,Efectivo,4594.40,0.00,735.10,5293.73
Q85OFS,28/07/2025,Efectivo,43521.04,2176.05,6615.20,48099.54
Q9VGND,27/06/2025,Transferencia,416293.27,20814.66,63276.58,458598.22
QFDC4C,07/07/2025,Tarjeta,4632.43,0.00,741.19,5479.62
QFDLJJ,19/06/2025,Efectivo,5120.67,0.00,819.31,5928.32
QHMMZV,27/07/2025,Tarjeta,5581.94,0.00,893.11,6399.17
QIK0MJ,14/06/2025,Efectivo,,0.00,,
QJ28F3,08/06/2025,Efectivo,4611.70,0.00,737.87,5331.67
QJ3287,24/06/2025,Efectivo,4843.61,0.00,774.98,5579.94
QOBAWK,10/06/2025,Transferencia,5717.41,0.00,914.79,6639.19
QOR2NU,08/07/2025,Transferencia,6297.10,314.86,957.16,6959.77
QPR3KE,13/06/2025,Transferencia,6008.10,300.40,913.23,6569.79
QQ7WMG,14/06/2025,Tarjeta,160557.66,8027.88,24404.76,176863.65
QQXYYK,02/07/2025,Efectivo,5493.34,0.00,878.93,6341.47
QRZA8U,05/08/2025,Tarjeta,6150.23,307.51,934.83,6860.82
QSQVXT,08/06/2025,Efectivo,6244.52,312.23,949.17,6828.02
QUO424,27/06/2025,Tarjeta,5135.69,0.00,821.71,5975.91
QUT2KL,31/07/2025,Efectivo,6027.46,301.37,916.17,6560.73
QVNARK,07/08/2025,Tarjeta,6028.76,301.44,916.37,6689.80
QX1I8M,15/08/2025,Tarjeta,5502.61,0.00,880.42,6327.63
QX7YQY,10/07/2025,Efectivo,153929.63,7696.48,23397.30,169633.33
QXVQRY,30/06/2025,Tarjeta,5007.70,0.00,801.23,5841.89
QYBZ2Y,26/08/2025,Transferencia,4921.58,0.00,787.45,5667.79
QYZSC8,29/07/2025,Efectivo,5013.54,0.00,802.17,5831.59
R0GHAE,29/08/2025,Transferencia,5511.34,0.00,881.81,6384.53
R0Z9PP,31/08/2025,Transferencia,6252.59,312.63,950.39,6883.91
R1BPOO,01/07/2025,Efectivo,5611.77,0.00,897.88,6523.87
R20FIG,05/08/2025,Tarjeta,5769.28,0.00,923.08,6714.03
R4F283,25/08/2025,Transferencia,6150.96,307.55,934.95,6794.44
R4QETH,11/08/2025,Tarjeta,6011.81,300.59,913.80,6561.52
R58YEV,04/06/2025,Efectivo,5442.69,0.00,870.83,6361.77
R5YNXY,25/06/2025,Tarjeta,4755.07,0.00,760.81,5521.42
R768TQ,19/06/2025,Tarjeta,6388.92,319.45,971.12,7074.42
R94SSW,24/08/2025,Tarjeta,5171.42,0.00,827.43,6010.12
R9SY4F,11/08/2025,Tarjeta,6091.86,304.59,925.96,6690.64
RBG7D0,09/08/2025,Transferencia,5066.47,0.00,810.64,5840.28
RBM8M2,24/08/2025,Tarjeta,4902.77,0.00,784.44,5708.17
RBWAJO,01/06/2025,Tarjeta,4785.67,0.00,765.71,5557.55
RDKG1D,19/06/2025,Tarjeta,5023.31,0.00,803.73,5749.53
RGOCWB,08/06/2025,Transferencia,5390.97,0.00,862.56,6348.19
RIXCMY,16/08/2025,Tarjeta,5172.92,0.00,827.67,6029.61
RKDNC2,20/06/2025,Efectivo,4656.18,0.00,744.99,5408.17
RKQ99F,03/07/2025,Efectivo,5593.01,0.00,894.88,6456.75
RNV0Q9,02/07/2025,Efectivo,5687.74,0.00,910.04,6586.61
ROM086,27/07/2025,Efectivo,62406.39,3120.32,9485.77,68759.97
RP98DT,09/07/2025,Efectivo,5033.60,0.00,805.38,5918.68
RQX524,26/08/2025,Efectivo,4694.93,0.00,751.19,5438.01
RRRACC,14/08/2025,Tarjeta,4520.27,0.00,723.24,5278.62
RRVSCP,11/08/2025,Efectivo,5006.07,0.00,800.97,5896.93
RSTUNO,27/07/2025,Tarjeta,5880.70,0.00,940.91,6866.48
RU4WC0,25/06/2025,Efectivo,4737.59,0.00,758.01,5484.26
RV9526,12/06/2025,Tarjeta,5846.55,0.00,935.45,6811.40
RWGEJQ,03/07/2025,Efectivo,4852.67,0.00,776.43,5630.42
RY16V0,31/07/2025,Tarjeta,6457.65,322.88,981.56,7045.62
S1H7CG,08/06/2025,Transferencia,5139.29,0.00,822.29,6026.82
S4ODLO,21/07/2025,Transferencia,5858.39,0.00,937.34,6723.33
S5YSAK,04/07/2025,Transferencia,5666.80,0.00,906.69,6458.45
S6TFN4,08/06/2025,Tarjeta,6068.45,303.42,922.40,6641.59
S75WI7,19/06/2025,Transferencia,4606.86,0.00,737.10,5386.01
S7ELHI,10/07/2025,Efectivo,6349.57,317.48,965.13,6956.42
S85VQE,22/07/2025,Efectivo,6147.00,307.35,934.34,6724.26
S9K56M,14/07/2025,Tarjeta,5465.27,0.00,874.44,6382.83
S9KNI0,26/08/2025,Tarjeta,5314.54,0.00,850.33,6230.21
S9RPH5,13/06/2025,Transferencia,17479.50,873.98,2656.88,19467.75
SDKE2I,01/09/2025,Tarjeta,6285.21,314.26,955.35,6847.31
SE5OEB,22/06/2025,Transferencia,5077.66,0.00,812.43,5873.85
SF8EQ5,18/07/2025,Efectivo,6053.62,302.68,920.15,6568.91
SGJRUT,03/06/2025,Efectivo,1249.43,0.00,199.91,1507.80
SGMOUJ,11/08/2025,Transferencia,6485.12,324.26,985.74,7137.36
SGWJ1E,29/07/2025,Tarjeta,1028397.71,51419.89,156316.45,1133293.68
SKBE2Q,14/07/2025,Transferencia,5174.34,0.00,827.89,6017.00
SMHWCO,21/08/2025,Tarjeta,5156.09,0.00,824.97,5939.87
SMJFO5,20/07/2025,Tarjeta,5457.94,0.00,873.27,6377.79
SN089A,15/08/2025,Tarjeta,5998.47,0.00,959.76,6870.93
SN7DY6,26/08/2025,Efectivo,6338.25,316.91,963.41,6986.42
SPU5E1,11/08/2025,Tarjeta,4848.49,0.00,775.76,5622.20
SQ7H44,24/08/2025,Tarjeta,6096.44,304.82,926.66,6625.30
SR23H8,01/07/2025,Transferencia,5590.78,0.00,894.52,6557.60
SROK5T,17/08/2025,Tarjeta,39087.93,1954.40,5941.37,43004.48
SV391U,23/06/2025,Efectivo,5654.14,0.00,904.66,6545.62
SYE6HL,11/06/2025,Efectivo,6261.16,313.06,951.70,6842.30
SZ7Q0G,09/08/2025,Transferencia,6315.44,315.77,959.95,6964.20
SZGMBL,18/08/2025,Transferencia,5406.64,0.00,865.06,6244.56
SZN0YS,17/06/2025,Transferencia,6220.35,311.02,945.49,6941.98
T3FUOG,09/07/2025,Transferencia,5756.72,0.00,921.08,6633.71
T3SCSK,15/07/2025,Transferencia,5668.20,0.00,906.91,6632.41
T4QFMI,29/08/2025,Tarjeta,5820.79,0.00,931.33,6765.45
T5XZTQ,08/08/2025,Efectivo,5752.10,0.00,920.34,6638.20
T7DO5Q,30/07/2025,Transferencia,4770.16,0.00,763.23,5565.43
T89KB4,23/07/2025,Tarjeta,6247.69,312.38,949.65,6792.95
T9A6M6,17/07/2025,Tarjeta,5440.63,0.00,870.50,6386.11
T9YW5T,18/06/2025,Transferencia,5940.16,0.00,950.43,6942.27
TA4HRG,05/07/2025,Efectivo,5310.15,0.00,849.62,6149.52
TBR1GI,13/07/2025,Efectivo,6192.40,309.62,941.24,6820.63
TCJJUX,08/08/2025,Tarjeta,4797.71,0.00,767.63,5567.66
TCZ6Q3,23/06/2025,Efectivo,64256.02,3212.80,9766.92,70905.09
TDLKCP,23/07/2025,Efectivo,4543.30,0.00,726.93,5249.43
TDMWUR,07/07/2025,Efectivo,5045.96,0.00,807.35,5830.69
TEBV4K,02/06/2025,Transferencia,6221.98,311.10,945.74,6831.72
TEDZHM,21/08/2025,Efectivo,5740.73,0.00,918.52,6667.78
TGXJJ4,14/06/2025,Efectivo,5991.03,0.00,958.56,6965.24
TJBPZ8,19/07/2025,Efectivo,6112.66,305.63,929.12,6725.86
TJGYNM,04/07/2025,Transferencia,6137.74,306.89,932.94,6674.03
TLOGBD,27/06/2025,Tarjeta,4564.51,0.00,730.32,5259.14
TLOZ8P,24/06/2025,Efectivo,5811.91,0.00,929.91,6777.28
TM911W,21/06/2025,Tarjeta,5634.73,0.00,901.56,6551.07
TNT8AX,15/08/2025,Transferencia,5105.53,0.00,816.88,6013.03
TPIOXL,27/06/2025,Tarjeta,,0.00,,
TQFQPW,03/07/2025,Tarjeta,5374.51,0.00,859.92,6216.73
TQLLFJ,03/06/2025,Efectivo,6347.78,317.39,964.86,7037.98
TQN8SO,13/07/2025,Transferencia,5071.01,0.00,811.36,5884.39
TRNZFL,08/06/2025,Tarjeta,5101.84,0.00,816.29,5955.62
TRWU9B,29/06/2025,Efectivo,5559.86,0.00,889.58,6474.71
TRXEBK,17/07/2025,Tarjeta,6396.42,319.82,972.26,6981.57
TVC83L,11/07/2025,Efectivo,5873.69,0.00,939.79,6782.16
TWLQ7I,01/09/2025,Tarjeta,6219.19,310.96,945.32,6887.10
TX2VGS,17/08/2025,Transferencia,5304.91,0.00,848.79,6101.71
TY5R8X,30/06/2025,Efectivo,4616.09,0.00,738.57,5347.25
TZIJJ3,22/06/2025,Transferencia,5583.39,0.00,893.34,6488.40
U1WSWD,30/08/2025,Efectivo,266252.09,13312.60,40470.32,293413.16
U2R0QB,11/06/2025,Transferencia,6341.92,317.10,963.97,6961.17
U4JA7X,31/07/2025,Efectivo,6050.05,302.50,919.61,6633.71
U4QNX2,09/06/2025,Tarjeta,6366.71,318.34,967.74,7074.91
U5NYNZ,15/08/2025,Tarjeta,6114.15,305.71,929.35,6751.68
U5YWEG,23/08/2025,Transferencia,6065.48,303.27,921.95,6726.37
U742LF,29/07/2025,Tarjeta,6007.55,300.38,913.15,6601.18
U9E2M9,15/06/2025,Efectivo,4856.51,0.00,777.04,5670.66
UD4NS5,26/06/2025,Efectivo,5488.91,0.00,878.23,6307.20
UDG0OZ,13/08/2025,Efectivo,5939.72,0.00,950.36,6887.00
UGAU1F,03/06/2025,Tarjeta,5713.85,0.00,914.22,6690.11
UGK4UP,25/07/2025,Transferencia,4569.01,0.00,731.04,5312.55
UH25YH,29/08/2025,Transferencia,4884.69,0.00,781.55,5692.39
UJ15AU,06/07/2025,Tarjeta,5485.00,0.00,877.60,6399.80
UJAY5M,30/06/2025,Transferencia,5682.63,0.00,909.22,6606.73
UJG5ZL,24/07/2025,Tarjeta,5814.73,0.00,930.36,6758.93
UK44SS,24/06/2025,Efectivo,5264.30,0.00,842.29,6161.92
UK6N7W,30/08/2025,Tarjeta,6110.72,305.54,928.83,6662.91
UK8190,20/07/2025,Transferencia,5665.67,0.00,906.51,6547.73
ULEPRP,22/07/2025,Efectivo,5320.52,0.00,851.28,6150.64
ULO1DW,03/07/2025,Tarjeta,4717.33,0.00,754.77,5447.88
UNIYBD,29/07/2025,Tarjeta,6081.28,304.06,924.35,6657.83
UOVJDU,30/06/2025,Transferencia,5461.30,0.00,873.81,6202.55
UPANME,06/06/2025,Tarjeta,5084.30,0.00,813.49,5907.36
UPDI23,27/06/2025,Transferencia,5872.59,0.00,939.61,6769.96
UPYRG6,28/08/2025,Efectivo,6269.72,313.49,953.00,6928.17
URJ241,01/08/2025,Tarjeta,250913.71,12545.69,38138.88,276332.92
UU0WSI,19/08/2025,Efectivo,5987.31,0.00,957.97,6888.89
UUW2TE,14/06/2025,Transferencia,5773.86,0.00,923.82,6721.08
UWCQOF,26/07/2025,Transferencia,5914.03,0.00,946.24,6858.20
UXB6M0,14/08/2025,Transferencia,4605.91,0.00,736.95,5349.37
V0BYWS,08/07/2025,Efectivo,4775.05,0.00,764.01,5584.17
V15QO1,02/06/2025,Transferencia,5006.33,0.00,801.01,5806.61
V1TBV3,31/07/2025,Tarjeta,5218.02,0.00,834.88,6006.25
V6G4PG,18/07/2025,Transferencia,3604.41,0.00,576.71,4188.95
V6HLYT,08/08/2025,Transferencia,6459.12,322.96,981.79,7277.90
V6VQXQ,08/06/2025,Tarjeta,4857.82,0.00,777.25,5608.10
V8M4YM,25/06/2025,Transferencia,6462.77,323.14,982.34,7138.52
VACT3U,05/08/2025,Tarjeta,6358.44,317.92,966.48,7009.54
VE41C8,26/06/2025,Efectivo,6041.00,302.05,918.23,6667.83
VEAZYG,27/08/2025,Efectivo,5974.79,0.00,955.97,7004.03
VIWFPD,25/06/2025,Efectivo,5576.32,0.00,892.21,6459.67
VJL2QB,24/06/2025,Transferencia,5546.32,0.00,887.41,6430.59
VL5U0T,09/08/2025,Tarjeta,6382.65,319.13,970.16,6999.45
VM0LNM,23/07/2025,Efectivo,4913.14,0.00,786.10,5626.57
VNZKDY,28/08/2025,Transferencia,25576.00,1278.80,3887.55,28321.23
VNZPZC,10/07/2025,Tarjeta,5945.36,0.00,951.26,6874.09
VOWYDX,09/07/2025,Efectivo,4798.81,0.00,767.81,5542.34
VPFQVF,29/08/2025,Transferencia,5691.54,0.00,910.65,6552.41
VPTQH5,13/08/2025,Efectivo,5239.74,0.00,838.36,6121.83
VQOL0P,13/07/2025,Transferencia,6106.85,305.34,928.24,6757.18
VQYWS6,17/08/2025,Transferencia,5259.51,0.00,841.52,6073.53
VR0WV3,13/06/2025,Efectivo,5095.85,0.00,815.34,5907.38
VR8TOA,14/07/2025,Tarjeta,4893.99,0.00,783.04,5659.63
VT4GTR,20/08/2025,Tarjeta,6384.03,319.20,970.37,7099.11
VTJ324,31/08/2025,Transferencia,5040.87,0.00,806.54,5785.13
VULW0O,08/07/2025,Transferencia,5378.62,0.00,860.58,6307.60
VUOKSP,01/06/2025,Efectivo,5863.01,0.00,938.08,6695.25
VY3RVM,02/08/2025,Tarjeta,5116.17,0.00,818.59,5878.46
W45RK9,03/07/2025,Tarjeta,6214.97,310.75,944.68,6880.83
W5S0BM,17/06/2025,Transferencia,5997.44,0.00,959.59,6941.69
W5T8JR,18/06/2025,Transferencia,4908.70,0.00,785.39,5777.81
W5TJFG,11/08/2025,Efectivo,4592.96,0.00,734.87,5376.76
W7BD1J,06/07/2025,Tarjeta,5373.27,0.00,859.72,6220.63
W7R7TM,26/07/2025,Transferencia,11655.46,582.77,1771.63,12771.55
W9E8AE,12/08/2025,Transferencia,5685.27,0.00,909.64,6605.82
WADUGY,16/07/2025,Tarjeta,6201.65,310.08,942.65,6884.01
WDL9PG,20/07/2025,Tarjeta,4987.37,0.00,797.98,5734.53
WIHSNW,23/07/2025,Efectivo,5918.75,0.00,947.00,6875.50
WN3W18,27/07/2025,Transferencia,5435.20,0.00,869.63,6353.17
WN7WST,07/06/2025,Tarjeta,5463.53,0.00,874.16,6332.93
WOV3F6,13/06/2025,Tarjeta,6363.26,318.16,967.22,7073.37
WQXYR9,02/06/2025,Transferencia,6368.05,318.40,967.94,6943.59
WRO7O1,03/08/2025,Transferencia,5547.82,0.00,887.65,6300.94
WRTQ2G,16/07/2025,Tarjeta,6359.93,318.00,966.71,6989.53
WS6KHM,23/07/2025,Transferencia,5037.60,0.00,806.02,5898.74
WSYXPS,15/08/2025,Transferencia,5309.44,0.00,849.51,6160.66
WVAB8O,03/06/2025,Transferencia,6018.67,300.93,914.84,6695.31
WWSH0U,15/06/2025,Efectivo,6015.82,300.79,914.40,6657.31
WYTLG8,14/08/2025,Tarjeta,5244.04,0.00,839.05,6157.12
X1296T,19/06/2025,Tarjeta,6339.23,316.96,963.56,6966.32
X1HJC6,31/07/2025,Transferencia,6258.72,312.94,951.33,6923.99
X26STV,16/07/2025,Transferencia,258002.85,12900.14,39216.43,284256.12
X406Y7,17/06/2025,Transferencia,5805.14,0.00,928.82,6787.85
X5T5CY,12/07/2025,Efectivo,5958.69,0.00,953.39,6933.55
X5TJMN,21/08/2025,Efectivo,6211.85,310.59,944.20,6824.60
X6H6U7,19/07/2025,Tarjeta,4875.03,0.00,780.00,5671.34
X72462,27/08/2025,Transferencia,4922.04,0.00,787.53,5693.48
XAOX9D,15/08/2025,Tarjeta,5747.29,0.00,919.57,6679.16
XB8URH,22/07/2025,Transferencia,6273.17,313.66,953.52,6924.98
XBYIFS,15/06/2025,Tarjeta,5662.67,0.00,906.03,6568.46
XCMWPX,29/06/2025,Tarjeta,5798.89,0.00,927.82,6808.92
XDXTRP,15/07/2025,Tarjeta,4886.85,0.00,781.90,5673.18
XFC557,13/08/2025,Transferencia,6126.60,306.33,931.24,6843.43
XGKM8Y,11/06/2025,Transferencia,5366.32,0.00,858.61,6189.00
XHVX4A,24/07/2025,Efectivo,6074.67,303.73,923.35,6769.62
XJL6RE,15/06/2025,Efectivo,6431.65,321.58,977.61,7060.92
XMHC4L,07/08/2025,Tarjeta,6004.18,300.21,912.64,6676.44
XN1YRB,06/06/2025,Tarjeta,5803.59,0.00,928.57,6717.93
XOC6D2,29/07/2025,Tarjeta,5006.36,0.00,801.02,5807.95
XPCYIZ,27/07/2025,Efectivo,4799.22,0.00,767.88,5509.16
XPO159,06/07/2025,Transferencia,5633.44,0.00,901.35,6596.60
XSH0NT,03/07/2025,Transferencia,6177.82,308.89,939.03,6819.45
XXLEM8,08/07/2025,Transferencia,6140.22,307.01,933.31,6747.40
XXZ0SD,09/08/2025,Tarjeta,6373.47,318.67,968.77,7041.91
XYDV1Q,23/08/2025,Efectivo,,0.00,,
Y11I5L,09/07/2025,Transferencia,6004.80,300.24,912.73,6573.96
Y1ZWPM,02/06/2025,Efectivo,5880.45,0.00,940.87,6865.21
Y2FBG7,27/07/2025,Tarjeta,5604.44,0.00,896.71,6530.49
Y2IBVZ,28/07/2025,Efectivo,4980.25,0.00,796.84,5801.31
Y4THTD,28/07/2025,Tarjeta,4537.08,0.00,725.93,5207.05
Y6NO55,17/07/2025,Efectivo,6067.27,303.36,922.23,6631.99
Y8L49H,01/06/2025,Tarjeta,6058.14,302.91,920.84,6632.75
Y9AIDR,03/08/2025,Transferencia,5953.04,0.00,952.49,6907.89
Y9MA8P,24/07/2025,Efectivo,12847.36,642.37,1952.80,14104.86
Y9O0DO,18/06/2025,Efectivo,5988.34,0.00,958.13,6961.53
Y9Z2IW,16/08/2025,Efectivo,4596.05,0.00,735.37,5364.69
YD7VGK,01/06/2025,Transferencia,5792.61,0.00,926.82,6664.64
YDRHDN,09/08/2025,Transferencia,285403.27,14270.16,43381.30,314567.35
YE7V0A,27/06/2025,Transferencia,5402.68,0.00,864.43,6212.54
YFUIYF,25/08/2025,Transferencia,4691.14,0.00,750.58,5459.53
YGU8AS,27/06/2025,Efectivo,5399.13,0.00,863.86,6299.56
YL79Q8,24/08/2025,Transferencia,5070.82,0.00,811.33,5830.34
YMC29W,09/06/2025,Tarjeta,4953.78,0.00,792.60,5738.42
YNJKJY,03/07/2025,Tarjeta,5419.86,0.00,867.18,6298.93
YPB91A,01/08/2025,Tarjeta,6225.38,311.27,946.26,6774.50
YUN5WK,08/06/2025,Tarjeta,6131.49,306.57,931.99,6777.37
YVUW3G,25/06/2025,Transferencia,5736.71,0.00,917.87,6625.46
YVZLK0,13/06/2025,Tarjeta,4636.03,0.00,741.76,5406.00
YXIZ5Y,31/08/2025,Transferencia,221074.98,11053.75,33603.40,243658.88
YZM1PZ,16/08/2025,Efectivo,6064.03,303.20,921.73,6721.34
Z007VF,12/08/2025,Efectivo,5702.02,0.00,912.32,6664.29
Z0ALFO,27/07/2025,Transferencia,5502.33,0.00,880.37,6437.56
Z0JG3B,08/07/2025,Transferencia,5946.33,0.00,951.41,6939.82
Z0V65L,15/07/2025,Transferencia,5814.40,0.00,930.30,6667.43
Z2KNG4,23/07/2025,Efectivo,6462.77,323.14,982.34,7170.22
Z5TCVN,16/07/2025,Tarjeta,4933.86,0.00,789.42,5679.86
Z7H70O,25/06/2025,Efectivo,4542.24,0.00,726.76,5276.67
Z98MOV,16/08/2025,Efectivo,6128.07,306.40,931.47,6710.61
ZA9RXD,18/07/2025,Transferencia,5798.87,0.00,927.82,6679.66
ZAESLP,15/08/2025,Transferencia,5103.41,0.00,816.55,5908.52
ZAU6B1,15/07/2025,Efectivo,6277.86,313.89,954.23,6947.17
ZBAIF4,10/06/2025,Efectivo,4691.88,0.00,750.70,5489.56
ZDIPP6,16/07/2025,Efectivo,5331.22,0.00,853.00,6135.58
ZG4EJ7,30/06/2025,Transferencia,6380.36,319.02,969.81,7009.09
ZG9CV8,01/09/2025,Efectivo,5028.97,0.00,804.64,5843.01
ZHA0QP,08/06/2025,Transferencia,6370.87,318.54,968.37,6990.03
ZILMVD,21/07/2025,Tarjeta,5384.09,0.00,861.45,6227.28
ZLJY3K,06/08/2025,Transferencia,22128.22,1106.41,3363.49,24470.83
ZQPRRN,09/07/2025,Transferencia,6194.63,309.73,941.58,6774.37
ZS3QLV,10/07/2025,Tarjeta,5947.93,0.00,951.67,6900.41
ZSBAMX,24/07/2025,Tarjeta,4911.71,0.00,785.87,5655.45
ZV4MQA,12/08/2025,Tarjeta,6430.41,321.52,977.42,7041.20
ZV8MLS,19/07/2025,Efectivo,6286.74,314.34,955.58,6912.39
ZVLP79,08/08/2025,Tarjeta,5419.75,0.00,867.16,6300.01
ZWF9IY,11/06/2025,Tarjeta,5669.20,0.00,907.07,6548.11
ZWMBPY,28/08/2025,Transferencia,5497.91,0.00,879.67,6388.84
ZXMVFK,16/07/2025,Tarjeta,29687.79,1484.39,4512.54,32864.70
ZXRK34,04/06/2025,Efectivo,4959.33,0.00,793.49,5739.97
ZZ2AUI,02/09/2025,Tarjeta,6290.11,314.51,956.10,6877.61
ZZ76LF,24/07/2025,Transferencia,6934.47,346.72,1054.04,7569.29
ZZWCTH,12/07/2025,Efectivo,4692.29,0.00,750.77,5458.17
